{"stats":{"minecraft:mined":{"minecraft:grass_block":1},"minecraft:picked_up":{"minecraft:dirt":1},"minecraft:used":{"minecraft:dirt":1},"minecraft:custom":{"minecraft:jump":38,"minecraft:time_since_rest":2403,"minecraft:leave_game":1,"minecraft:crouch_one_cm":11,"minecraft:sprint_one_cm":6386,"minecraft:play_time":2403,"minecraft:damage_taken":10,"minecraft:time_since_death":2403,"minecraft:walk_one_cm":4685,"minecraft:sneak_time":11,"minecraft:total_world_time":2403,"minecraft:fall_one_cm":1347,"minecraft:fly_one_cm":6600}},"DataVersion":3465}